{"R1": 0.8427985166605169, "MSE": 0.16186618098330663, "Accuracy": 0.8544346869143675}