{"R2_score1": 0.873715866061183, "MSE1": 0.13050701051848645, "Accuracy1": 0.8487730696717032, "R2_score2": 0.7717292023883706, "MSE2": 0.2359040558443987, "Accuracy2": 0.7446521770799723, "R2_score3": 0.6495238360360254, "MSE3": 0.3621959068831675, "Accuracy3": 0.6306805676425251, "R2_score4": 0.6285629193704376, "MSE4": 0.38385774583657345, "Accuracy4": 0.6289116157972849}